source	key	today	verdict	proposed	words	where	note	title_case	changed
api._vocab	after_install.wait	A household named above as malformed or as changed behind the tracker's back waits in the app until a person repairs it (runbook §9); any other line above is for a person to look at. The rest of the practice runs as normal.	error-log	Setup needs attention	3	Notice area	Audit §2: one line (the heading); this sentence to error log	Setup Needs Attention	case
api._vocab	ask_the_client_note	Every row is on the return. A ticked row is asked for and reminded; an unticked one is never asked for, but a document that arrives for it is filed there.	cut		0	Nowhere; was New household	Audit §7: the 31-word Ask the client note is cut		-
api._vocab	columns[0].help	Names the request and its working copies; matched by prefix, so A100 and BS01 both work	cut		0	Nowhere; was column tooltip	Audit §7: every column help tooltip is cut		-
api._vocab	columns[10].help	Why the rules were overridden; required when Manual Override is Accepted	cut		0	Nowhere; was column tooltip	Audit §7: every column help tooltip is cut		-
api._vocab	columns[11].help	yes: the document carries the taxpayer's or the entity's name and files only where that name is on the page; no: a receipt, a log or a headerless export, filed by its keywords alone when the name is absent	cut		0	Nowhere; was column tooltip	Audit §7: every column help tooltip is cut		-
api._vocab	columns[12].help	Yes: the client is asked for it and reminded. No: nobody asks, but a document that arrives for it is filed here	cut		0	Nowhere; was column tooltip	Audit §7: every column help tooltip is cut		-
api._vocab	columns[13].help	What the firm's working file names call it, 20 characters at most; blank takes the document's first words. The client always sees the full document name	cut		0	Nowhere; was column tooltip	Audit §7: every column help tooltip is cut		-
api._vocab	columns[1].help	What the request is called to people	cut		0	Nowhere; was column tooltip	Audit §7: every column help tooltip is cut		-
api._vocab	columns[2].help	The period asked for, e.g. TY2025 or Dec 2025; a year in it is the year check	cut		0	Nowhere; was column tooltip	Audit §7: every column help tooltip is cut		-
api._vocab	columns[3].help	How many files are due; counted over distinct valid files	cut		0	Nowhere; was column tooltip	Audit §7: every column help tooltip is cut		-
api._vocab	columns[4].help	File types accepted, comma-separated; blank means the safe default, * means any type	cut		0	Nowhere; was column tooltip	Audit §7: every column help tooltip is cut		-
api._vocab	columns[5].help	Files smaller than this are rejected as placeholders	cut		0	Nowhere; was column tooltip	Audit §7: every column help tooltip is cut		-
api._vocab	columns[6].help	Every one of these must appear in the document (a keyword may hold alternatives with | and phrases wanted together with +)	cut		0	Nowhere; was column tooltip	Audit §7: every column help tooltip is cut		-
api._vocab	columns[7].help	At least one of these must appear; a keyword reads the same way	cut		0	Nowhere; was column tooltip	Audit §7: every column help tooltip is cut		-
api._vocab	columns[8].help	Blank with a year in Period checks for that year; * turns the year check off; a typed regex wins	cut		0	Nowhere; was column tooltip	Audit §7: every column help tooltip is cut		-
api._vocab	columns[9].help	Accepted counts as Received; Not Applicable takes the request out of every count for the year	cut		0	Nowhere; was column tooltip	Audit §7: every column help tooltip is cut		-
api._vocab	dialogs.unsaved	You have changes here that are not saved.	reword	Unsaved changes	2	Unsaved changes bar	Audit §7: long sentence cut	Unsaved Changes	case
api._vocab	editor.advanced	(new)	reword	Advanced	1	Request list editor, the switch for routing columns	Audit §7: one Advanced switch replaces the fold	Advanced	
api._vocab	editor.engagement_fields[10].help	which catalog the request list was cut from; blank if it was never recorded	cut		0	Nowhere; was editor help	Audit §7: Form, read-only field cut; breadcrumb shows it		-
api._vocab	editor.engagement_fields[11].help	the household this return belongs to; the folder above the year	cut		0	Nowhere; was editor help	Audit §7: Household, read-only field cut; breadcrumb shows it		-
api._vocab	editor.engagement_fields[12].help	the year the return is for; the year folder's name	cut		0	Nowhere; was editor help	Audit §7: Tax year, read-only field cut; breadcrumb shows it		-
api._vocab	editor.engagement_fields[13].help	the return's folder name, form first; the same name every year	cut		0	Nowhere; was editor help	Audit §7: Return name, read-only field cut; breadcrumb shows it		-
api._vocab	editor.engagement_fields[14].help	who this return is for, with the spellings documents use; a named request files only where one of these is on the page	cut		0	Nowhere; was editor help	Audit §7: People help; help lines cut		-
api._vocab	editor.engagement_fields[1].help	label; the folder name if blank	cut		0	Nowhere; was editor help	Audit §7: name field, read-only field cut; breadcrumb shows it		-
api._vocab	editor.engagement_fields[3].help	the date the reminder asks the client to send things by	cut		0	Nowhere; was editor help	Audit §7: Due date help; help lines cut		-
api._vocab	editor.engagement_fields[4].help	the statutory filing date; named in the reminder from the third stage on; blank = not mentioned (defaults from the form, weekends shifted; holidays are yours to edit)	cut		0	Nowhere; was editor help	Audit §7: Filing deadline help; help lines cut		-
api._vocab	editor.engagement_fields[6].help	the sign-off line and the client README's contact (typed once at setup)	cut		0	Nowhere; was editor help	Audit §7: Firm help; help lines cut		-
api._vocab	editor.engagement_fields[7].help	no = this client is not chased by email	cut		0	Nowhere; was editor help	Audit §7: Reminders help; help lines cut		-
api._vocab	editor.engagement_fields[8].help	no = the scheduled run skips this folder	reword	No: sorting skips this return	5	Editor, under Active	Warns before a risky act, so kept short	No: Sorting Skips This Return	case
api._vocab	editor.engagement_fields[9].help	written by the rollover; the engagement it names is no longer chased	cut		0	Nowhere; was editor help	Audit §7: Rolled from, read-only field cut; breadcrumb shows it		-
api._vocab	editor.not_this_return	The request list could not be opened: what is on screen is still another return's. Pick the return again, then open its request list.	reword	Request list did not open	5	Notice area	The return changed while it opened	Request List Did Not Open	case
api._vocab	editor.paste_hint	Paste rows copied from a spreadsheet: one request per line, cells separated by tabs or as CSV, in the column order above; a first line that repeats the headings is skipped. Nothing is recorded until you save.	cut		0	Nowhere; was editor hint	Audit §7: paste hint cut		-
api._vocab	editor.rename_hint	Gives a request another identifier and moves its filed documents with it, at once. Changing an identifier in the list and saving is refused while the request holds documents; a change of case alone is saved in the list.	cut		0	Nowhere; was editor hint	Audit §7: rename hint cut		-
api._vocab	editor.rename_left_note	left in the old folder because no row names them: {left}	error-log	Some copies stayed behind	4	Request list editor note	Audit §9: file names to error log	Some Copies Stayed Behind	case
api._vocab	editor.renamed_note	{old} renamed {new}; {moved} working copy(ies) moved with it and the request was re-scanned	reword	Renamed	1	Toast in the editor	Copies move off screen; request codes dropped (rule 3)	Renamed	no
api._vocab	editor.routing_help	How the tracker recognises this document when it arrives. A save checks these the same way whether the fold is open or not.	cut		0	Nowhere; was editor fold	Audit §7: one Advanced switch replaces the fold		-
api._vocab	editor.saved	Request list saved: {changed} row(s) changed, {removed} removed	reword	Saved	1	Toast after saving	Audit §2 toast; the editor closes on save	Saved	no
api._vocab	editor.unlearned_note	{keyword} unlearned from {identifier}; the request was re-scanned	cut		0	Nowhere; keyword leaves the row	Rule 6: the result is visible		-
api._vocab	extension_default_note	blank means pdf, xlsx, csv; a photo or an image counts as a PDF	cut		0	Nowhere; was custom row help	Audit §7: custom rows' extension column cut; no renderer use		-
api._vocab	household.accept_folder_name_help	records that this household (or this return) is now called by its folder's name; nothing is moved or renamed	cut		0	Nowhere; was button tooltip	Audit §4: notice with one action, Accept		-
api._vocab	household.add_feed	Add a return this drop folder feeds	reword	Feed another return	3	Edit household dialog	Says inbox role, not drop folder	Feed Another Return	case
api._vocab	household.contact_help	the greeting name in every return's letter, filled into each return when it is made	cut		0	Nowhere; was dialog help	Audit §7: Edit household help lines cut		-
api._vocab	household.empty_root	No households under {root} yet — click {new} to create the first.	reword	No households yet	3	Clients page empty state	Path and button name dropped; File > New household	No Households Yet	case
api._vocab	household.fed_by_line	Also fed by the drop folder of: {listed}	reword	Also fed by: {listed}	4	Edit household dialog	Audit §4: feeds lines move to Edit household	Also Fed by: {listed}	case
api._vocab	household.feed_warning	Anyone with access to this drop folder may drop for this return. Its documents will rest under the folder it lives in, shared with: {members}.	reword	Its members can drop here	5	Edit household dialog	Audit §7: kept feed warning	Its Members Can Drop Here	case
api._vocab	household.feeds_help	returns in other households this drop folder feeds, by return line; most households feed only their own	cut		0	Nowhere; was dialog help	Audit §7: Edit household help lines cut		-
api._vocab	household.feeds_line	This drop folder also feeds: {listed}	merge	Also feeds	2	Edit household dialog	Merged into household.feeds_label, the Also feeds field	Also Feeds	case
api._vocab	household.form_step_note	The request list is tailored to the form you pick.	cut		0	Nowhere; was New household	Audit §7: step 2 note cut		-
api._vocab	household.link_help	pasted into every return's letter; paste it once the inbox is shared	cut		0	Nowhere; was dialog help	Audit §7: Edit household help lines cut		-
api._vocab	household.members_help	who this household's folder is meant to be shared with - the tracker cannot read Drive's sharing, so this is the firm's own note	cut		0	Nowhere; was dialog help	Audit §7: Edit household help lines cut		-
api._vocab	household.members_label	Shared with (as typed by the firm)	reword	Shared with	2	Edit and New household	Audit §7 label	Shared With	case
api._vocab	household.misfits_note	Each is listed with the one reason it does not fit the layout; nothing in it is ever read, moved or renamed.	cut		0	Nowhere; was misfits fold	Audit §2: count notice and two-word reasons replace it		-
api._vocab	household.new_intro	A client folder is a household: one folder per tax year inside it, one folder per return inside that, and one inbox the client drops everything into.	cut		0	Nowhere; was New household	Audit §7: the intro is cut		-
api._vocab	household.queue_line	{n} document(s) waiting for a person across this household	cut		0	Nowhere; count badges say it	Audit §4		-
api._vocab	household.return_created	"Return ""{label}"" created with {n} request(s) asked for, client README generated. Open the Client Folder to show it."	cut		0	Nowhere; new return shows	Rule 6: the result is visible		-
api._vocab	household.return_name_help	the return's folder name, form first; the same name every year	cut		0	Nowhere; was dialog help	Audit §7: help lines cut		-
api._vocab	household.return_warning	Everyone with access to this folder will see this return's documents. Add it here only if every member may.	reword	Shared members see documents	4	New household dialog	Audit §7: kept warning, step 1	Shared Members See Documents	case
api._vocab	household.roll_done	{rolled} return(s) rolled into {year}; {retired} retired	cut		0	Nowhere; new year opens	Rule 6: the rolled year is on screen		-
api._vocab	household.roll_forms_unloaded	The return types could not be loaded, so each return keeps the form it recorded: {reason}	error-log	Return types did not load	5	Roll forward dialog	Reason to error log; each return keeps its form	Return Types Did Not Load	case
api._vocab	household.roll_intro	Last year's list is the starting point. Everything the client actually sent, set aside or under-delivered carries forward - what was set aside as not applicable under its own heading, for a fresh decision; the form template only fills blanks.	cut		0	Nowhere; was roll fold	Dialog help lines cut		-
api._vocab	household.roll_no_template	No template — carry last year's list as it is	reword	Keep last year's list	4	Roll forward dialog	Template drop-down option	Keep Last Year's List	case
api._vocab	household.roll_ticked	Roll the ticked returns forward to {year}	reword	Roll forward	2	Roll forward dialog	Button; the dialog title names the year	Roll Forward	case
api._vocab	household.roll_unfiled	{n} file(s) sent last year were never filed	reword	{n} last-year files never filed	5	Notice area after roll		{n} Last-Year Files Never Filed	case
api._vocab	household.rollover_unticked	A return left unticked is retired for {year}: it is set inactive and stops being chased. Tick it later and roll it on its own if that changes.	reword	Unticked returns go inactive	4	Roll forward dialog	Kept as a warning before a risky act	Unticked Returns Go Inactive	case
api._vocab	household.shared_on_line	Marked as shared on {day} by the firm	reword	Shared {day}	2	Household page caption	Audit §4 caption Shared; keeps the date	Shared {day}	no
api._vocab	household.sharing_heading	Before the client can drop anything	cut		0	Nowhere; was sharing checklist	Audit §4: checklist cut; Tester Guide		-
api._vocab	household.sharing_note	The tracker cannot see Drive's sharing. The two grants are the firm's to make, once; the year folders are view-only through the household folder, and nothing is ever re-shared.	cut		0	Nowhere; was sharing checklist	Audit §4: checklist cut; Tester Guide		-
api._vocab	household.two_open_years	Two years are open in this household ({years}); nothing is sorted from its inbox until one is retired in the editor	reword	Two years open; sorting paused	5	Notice area	Audit §4; nothing sorts from the inbox until one retires	Two Years Open; Sorting Paused	case
api._vocab	labels.Accepted.sentence	A person accepted it with a reason; the rules stop here.	cut		0	Nowhere; was status tooltip	Audit §5: status word only; view.py still uses it		-
api._vocab	labels.Failed Validation.sentence	Something arrived that the rules could not use.	cut		0	Nowhere; was status tooltip	Audit §5: status word only; view.py still uses it		-
api._vocab	labels.Missing.sentence	Asked for; nothing usable has arrived yet.	cut		0	Nowhere; was status tooltip	Audit §5: status word only; view.py still uses it		-
api._vocab	labels.Not Applicable.sentence	Does not apply this year; not counted, not chased.	cut		0	Nowhere; was status tooltip	Audit §5: status word only; view.py still uses it		-
api._vocab	labels.Not asked.sentence	On the list, not requested; filed if it arrives.	cut		0	Nowhere; was status tooltip	Audit §5: status word only; view.py still uses it		-
api._vocab	labels.Partial.sentence	Some of the expected files are in; the rest are still to come.	cut		0	Nowhere; was status tooltip	Audit §5: status word only; view.py still uses it		-
api._vocab	labels.Pending Sync.sentence	It is in; the cloud is still copying it down.	cut		0	Nowhere; was status tooltip	Audit §5: status word only; view.py still uses it		-
api._vocab	labels.Received.sentence	In, and every check passed or a person accepted it.	cut		0	Nowhere; was status tooltip	Audit §5: status word only; view.py still uses it		-
api._vocab	labels.Requested.sentence	Asked for; no pass has looked at it yet.	cut		0	Nowhere; was status tooltip	Audit §5: status word only; view.py still uses it		-
api._vocab	lock.buttons_back	The pass let go of this return; its buttons are back.	cut		0	Nowhere; controls re-enable	Rule 6: the result is visible		-
api._vocab	lock.cleared	The lock left behind was cleared ({minutes} min old).	cut		0	Nowhere; lock notice goes	Rule 6: the notice disappears		-
api._vocab	lock.greyed	This return's buttons are greyed while it runs and come back by themselves the moment it lets go.	cut		0	Nowhere; greyed shows it	Audit §2		-
api._vocab	lock.left_behind	A pass that started at {started} on {host} left its lock behind ({minutes} min old); it has most likely ended. The next pass replaces it, or clear it here.	reword	Stuck lock from {host}	4	Notice area	Tools > Clear stuck lock; time dropped	Stuck Lock From {host}	case
api._vocab	lock.running	A pass that started at {started} on {host} is holding this return.	reword	In use on {host}	4	Notice area	Audit §2	In Use on {host}	case
api._vocab	lock.running_other	A pass that started at {started} on {host} is holding {label}.	reword	{label} in use on {host}	5	Notice area	Audit §2, naming the other return	{label} in Use on {host}	case
api._vocab	new_not_asked_carried	{n} catalog row(s) this client never had added as not asked - a document for one files there; set Asked in the editor to ask for it	reword	{n} requests added, not asked	5	Notice area after roll		{n} Requests Added, Not Asked	case
api._vocab	not_applicable_carried	{n} request(s) not applicable last year - review them in the editor	reword	Review {n} set-aside requests	4	Notice area after roll		Review {n} Set-Aside Requests	case
api._vocab	nothing_asked	Select at least one request item	reword	Tick at least one request	5	Toast, New household		Tick at Least One Request	case
api._vocab	override_reasons[0]	Client confirmed this is the final version	reword	Client confirmed final version	4	Editor Reason drop-down	Label only: the record keeps today's words as the stored value (P78)	Client Confirmed Final Version	case
api._vocab	override_reasons[1]	Correct document, validation flagged formatting only	reword	Correct; only formatting flagged	4	Editor Reason drop-down	Label only: the record keeps today's words as the stored value (P78)	Correct; Only Formatting Flagged	case
api._vocab	override_reasons[2]	Received outside the system (in person, fax, confirmed in a meeting)	reword	Received outside the tracker	4	Editor Reason drop-down	Label only: the record keeps today's words as the stored value (P78)	Received Outside the Tracker	case
api._vocab	people.help	who this return is for, with the spellings documents use; a named request files only where one of these is on the page	cut		0	Nowhere; was People help	Dialog help lines cut		-
api._vocab	people.none_yet	add at least one person to the return; a named request files only where a name confirms	reword	Add at least one person	5	People field error		Add at Least One Person	case
api._vocab	people.one_word	a spelling needs at least two words, so a family name alone never confirms a document	reword	Spelling needs two words	4	People field error		Spelling Needs Two Words	case
api._vocab	people.rolled_note	{n} return(s) rolled; review each return's people once	reword	Check each return's people	4	Notice area after roll		Check Each Return's People	case
api._vocab	people.spellings_help	ticked spellings are what a page is matched against; untick one a document never prints, and add any the app did not propose	cut		0	Nowhere; was People help	Dialog help lines cut		-
api._vocab	people.teach_hint	the name as this page prints it	reword	Spelling	1	Side sheet, More fold	Audit §5	Spelling	no
api._vocab	reminder.copied	the letter is on the clipboard - paste it into Outlook as the body; the subject line is on the card above it	reword	Copied	1	Toast after Copy	Audit §2	Copied	no
api._vocab	reminder.edited_by_hand	edited by hand - approve it as it stands, or delete it to regenerate at a stage	reword	Edited by hand	3	Reminder side sheet	Audit §5	Edited by Hand	case
api._vocab	reminder.held_line	Reminder held: {n} request(s) need a decision	reword	Held: {n} need a decision	5	Reminder side sheet		Held: {n} Need a Decision	case
api._vocab	reminder.inbox_held_line	Reminder held: {n} file(s) still waiting to be sorted	reword	Held: {n} files not sorted	5	Reminder side sheet		Held: {n} Files Not Sorted	case
api._vocab	reminder.last_drafted_line	last drafted {date} at stage {n}	reword	Drafted {date}, stage {n}	4	Reminders page row		Drafted {date}, Stage {n}	case
api._vocab	reminder.line_unreadable	{label}: its reminder could not be read ({kind})	error-log	Reminder could not be read	5	Reminders page row	Error kind to error log	Reminder Could Not Be Read	case
api._vocab	reminder.not_yet	No reminder yet: this return has not been scanned.	reword	No reminder until first sort	5	Reminder side sheet		No Reminder Until First Sort	case
api._vocab	reminder.set_aside_line	the other draft was set aside as {name}	reword	Other draft moved aside	4	Toast after Approve	Draft file name dropped (rule 2)	Other Draft Moved Aside	case
api._vocab	reminder.sides[0].sentence	The letter asks the client for it.	cut		0	Nowhere; the group says who	Audit §5		-
api._vocab	reminder.sides[1].sentence	Waiting on us, not the client; the letter does not ask for it.	cut		0	Nowhere; the group says who	Audit §5		-
api._vocab	reminder.sides[2].sentence	A person decides whether the client resends it or we fix it here; the letter is held until then.	cut		0	Nowhere; the group says who	Audit §5		-
api._vocab	reminder.stage_toggle_hint	the pass pre-selects the stage from the Due Date; move it up or down before you send	cut		0	Nowhere; was stage hint	Audit §5: hint cut		-
api._vocab	reminder.unreadable	This return's reminder could not be read just now; the notice above says why.	merge	Reminder could not be read	5	Reminder side sheet	Merged into reminder.line_unreadable	Reminder Could Not Be Read	case
api._vocab	review_labels.buckets.container	Emails and zips - opened, if at all, on a machine with no Drive sign-in and no client folder, never this one	reword	Emails and zips	3	Needs you group heading	Audit §5	Emails and Zips	case
api._vocab	review_labels.buckets.not_a_document	Not documents - do not open; ask the client what they meant to send	reword	Not documents	2	Needs you group heading	Audit §5	Not Documents	case
api._vocab	review_labels.came_from	came from the client's subfolder '{folder}'	cut		0	Nowhere; names a folder	Audit §5, rule 4		-
api._vocab	review_labels.dismiss_note	why nothing asks for it (optional)	reword	Reason (optional)	2	Side sheet, More fold	Audit §5	Reason (Optional)	case
api._vocab	review_labels.handed_over	Filed under {label} ({identifier}); nothing about it stays here	reword	Filed under {label}	3	Toast after filing	The other return is off screen; code dropped	Filed Under {label}	case
api._vocab	review_labels.issuer_add	Add the issuer and file it	reword	Add issuer	2	Side sheet	Audit §5	Add Issuer	case
api._vocab	review_labels.issuer_help	Adds {identifier}, a K-1 row for this issuer, to the request list and files this document under it. Type the distinctive words and leave off the suffix (L.P., LLC).	cut		0	Nowhere; was issuer help	Audit §5: label and button only		-
api._vocab	review_labels.issuer_label	Issuer's name, as the K-1 prints it	reword	Issuer name	2	Side sheet	Audit §5	Issuer Name	case
api._vocab	review_labels.issuer_not_rescanned	not re-scanned ({kind}); the next pass re-scans it	error-log	Next sort rechecks it	4	Side sheet note	Error kind to error log	Next Sort Rechecks It	case
api._vocab	review_labels.keyword_help	A word this document contains that others like it will too. Taught to the request so the next one files itself; the editor shows it beside the row.	cut		0	Nowhere; was keyword tooltip	Audit §5: help cut		-
api._vocab	review_labels.moved_summary	these working copies are not where the record put them; choose for each - nothing is guessed	cut		0	Nowhere; rows say it	Audit §5: rows read Moved by hand		-
api._vocab	review_labels.unfile_note	why it is coming back (optional)	merge	Reason (optional)	2	Unfile reason box	Merged into review_labels.dismiss_note	Reason (Optional)	case
api._vocab	roll_template_label	Form template (fills blanks, adds the rows this client never had as not asked)	reword	Form template	2	Roll forward dialog		Form Template	case
api._vocab	room.heading	Returns short of room under this root	reword	Names shortened to fit	4	Notice area	Audit §2	Names Shortened to Fit	case
api._vocab	room.parks	{count} request(s) have no room for a working copy under this root; a document for them parks for a person until the clients root is shorter	reword	{count} requests can't be filed	5	Notice area	Their documents wait for a person	{count} Requests Can't Be Filed	case
api._vocab	room.short	{short} characters short of the room its working copies need, so their names are cut to fit; a shorter clients root, a request's Short name shortened in the editor, or a shorter return name at the next rollover gives it back	merge	Names shortened to fit	4	Return page row	Merged into room.heading	Names Shortened to Fit	case
api._vocab	rules[0].detail	Every routing and status decision comes from deterministic rules in the manifest.	cut		0	Nowhere; code and docs keep it	Audit §6, P64: Safeguards shows headlines only		-
api._vocab	rules[0].headline	No generative AI ever reads a client financial document.	reword	No AI reads documents	4	Help > Safeguards	Audit §6	No AI Reads Documents	case
api._vocab	rules[1].detail	Files are moved byte for byte under their own names out of Drop files here into the client's folder for the year; all work happens on copies, and every move is recorded in the record.	cut		0	Nowhere; code and docs keep it	Audit §6, P64		-
api._vocab	rules[2].detail	A document is filed only when exactly one request accepts it - or, when one document names several forms as itself, when each of those forms is accepted by exactly one request, or, when a broker's consolidated statement is accepted by several requests, when exactly one of them accepts it for its 1099-B, which then holds the whole statement. Ambiguous, contested and unrecognized files go to 00 - Needs Review for a person - misfiling a tax document is worse than not filing it.	cut		0	Nowhere; code and docs keep it	Audit §6, P64		-
api._vocab	rules[3].detail	The system drafts client emails and stops. There is no SMTP, no mail client and no network call in the reminder or scheduling path.	cut		0	Nowhere; code and docs keep it	Audit §6, P64		-
api._vocab	scan.not_in_pass	The pass ended, but its final line does not name this return, so its counts are not shown; the page is drawn from the record.	cut		0	Nowhere; page shows the list	Audit §2: result banner cut		-
api._vocab	scan.not_sorted	{n} file(s) could not be sorted	reword	{n} files not sorted	4	Notice area		{n} Files Not Sorted	case
api._vocab	scan.problem	The pass reported a problem: {error}	error-log	Sort failed	2	Notice area	Audit §2; the error to error log	Sort Failed	case
api._vocab	schedule.move_confirm	{host} runs the schedule for this clients folder, so this computer registered none.  Move the schedule to this computer? Do this only when {host} has stopped running it for good (it removes its own task at its next start). Nothing is ever sent.	reword	Move schedule here from {host}?	5	Repair schedule confirm	Plus new key schedule.move_warning 'Only if {host} is retired' (a risky act keeps its warning)	Move Schedule Here From {host}?	case
api._vocab	schedule.note	Scan works either way. Nothing is ever sent.	cut		0	Nowhere; was Schedule dialog	Audit §7		-
api._vocab	schedule.repair_confirm	Register the daily job with Task Scheduler again, on this computer, for this clients folder?  It files, scans and (on saturdays) drafts reminders. Nothing is ever sent.	reword	Repair the schedule here?	4	Repair schedule confirm		Repair the Schedule Here?	case
api._vocab	schedule.repair_help	Register the daily job again on this computer - only needed if the schedule was deleted or broken	cut		0	Nowhere; menu item has none	Now Tools > Repair schedule		-
api._vocab	screen.close	(new)	reword	Close	1	Sheet and dialog close control	S5 review F9; screen.icons.dismiss stays for the notice icon	Close	
api._vocab	screen.misfits.reasons.bad_name	(none: the long sentence, kept in the tooltip data)	reword	Name Refused	2	Folders Skipped dialog, beside the folder name	Approved by Jason, ruling 30; registry.MISFIT_BAD_NAME	Name Refused	
api._vocab	screen.misfits.reasons.client_look_alike	(none: the long sentence, kept in the tooltip data)	reword	Look-Alike Folder	2	Folders Skipped dialog, beside the folder name	Approved by Jason, ruling 30; registry.MISFIT_CLIENT_LOOK_ALIKE	Look-Alike Folder	
api._vocab	screen.misfits.reasons.client_no_record	(none: the long sentence, kept in the tooltip data)	reword	Unowned Folder	2	Folders Skipped dialog, beside the folder name	Approved by Jason, ruling 30; registry.MISFIT_CLIENT_NO_RECORD	Unowned Folder	
api._vocab	screen.misfits.reasons.legacy_folder	(none: the long sentence, kept in the tooltip data)	reword	Old Workbook	2	Folders Skipped dialog, beside the folder name	Approved by Jason, ruling 30; registry.LEGACY_FOLDER	Old Workbook	
api._vocab	screen.misfits.reasons.no_household_record	(none: the long sentence, kept in the tooltip data)	reword	No Household	2	Folders Skipped dialog, beside the folder name	Approved by Jason, ruling 30; registry.MISFIT_NO_HOUSEHOLD_RECORD	No Household	
api._vocab	screen.misfits.reasons.no_return	(none: the long sentence, kept in the tooltip data)	reword	No Return	2	Folders Skipped dialog, beside the folder name	Approved by Jason, ruling 30; registry.MISFIT_NO_RETURN	No Return	
api._vocab	screen.misfits.reasons.not_a_tree	(none: the long sentence, kept in the tooltip data)	reword	Unknown Folder	2	Folders Skipped dialog, beside the folder name	Approved by Jason, ruling 30; registry.MISFIT_NOT_A_TREE	Unknown Folder	
api._vocab	screen.misfits.reasons.not_a_year	(none: the long sentence, kept in the tooltip data)	reword	Bad Year	2	Folders Skipped dialog, beside the folder name	Working word (ruling 18a), Jason may change (replaces Not A Year); registry.MISFIT_NOT_A_YEAR	Bad Year	
api._vocab	screen.misfits.reasons.record_misplaced	(none: the long sentence, kept in the tooltip data)	reword	Old Layout	2	Folders Skipped dialog, beside the folder name	Approved by Jason, ruling 30; registry.MISFIT_RECORD_MISPLACED	Old Layout	
api._vocab	screen.misfits.reasons.unlisted	(none: the long sentence, kept in the tooltip data)	reword	Cannot List	2	Folders Skipped dialog, beside the folder name	Approved by Jason, ruling 30; registry.UNLISTED	Cannot List	
api._vocab	screen.notices.feed	(none: a long sentence)	reword	Prior Year Data Not Found	5	Notice	Approved by Jason, ruling 14 (changed from the proposed Feed Return Not Found); a feed that resolves to nothing	Prior Year Data Not Found	
api._vocab	screen.notices.machine	(none: a long sentence)	reword	Machine Needs Attention	3	Notice	Approved by Jason, ruling 14 (SPEC E30 names only Drive Not Signed In); the one short line for a machine warning with no word of its own; the sentences go to the error log	Machine Needs Attention	
api._vocab	screen.notices.name_requests	(new)	reword	Name Each Custom Request	4	Request list editor, beside a disabled Save	Approved by Jason (rulings 18/18a/23)	Name Each Custom Request	
api._vocab	screen.notices.paused	(none: a long sentence)	reword	Two Years Open; Sorting Paused	5	Notice	Approved by Jason, ruling 14 (SPEC names no words); a year's pause, no Accept	Two Years Open; Sorting Paused	
api._vocab	screen.notices.pick_request	(new)	reword	Pick a Request First	4	Request list editor, beside a disabled action	Approved by Jason (rulings 18/18a/23)	Pick a Request First	
api._vocab	screen.notices.reader	(none: a long sentence)	reword	Install Folder Name Too Long	5	Notice	SPEC E28; the reader warning's sentence goes to the error log	Install Folder Name Too Long	
api._vocab	screen.notices.renamed	(none: a long sentence)	reword	Folder Renamed	2	Notice	SPEC E47; notice with one action, Accept	Folder Renamed	
api._vocab	settings.firm_help	as it should sign the reminders	cut		0	Nowhere; was setup help	Audit §3: help cut		-
api._vocab	settings.phone_help	named in the final-notice reminder; blank drops that sentence	cut		0	Nowhere; was setup help	Audit §3: help cut		-
api._vocab	shell.could_not_send	The app could not send that to the tracker ({kind}); nothing was changed.	error-log	Could not send; nothing changed	5	Notice area	Error kind to error log	Could Not Send; Nothing Changed	case
api._vocab	shell.could_not_start	The tracker could not start ({code}).	error-log	The tracker could not start	5	Notice area	Exit code to error log	The Tracker Could Not Start	case
api._vocab	shell.killed	The pass ran past its limit of {minutes} minutes and was stopped. What it finished is on the record, and the next pass does the rest.	reword	Sort stopped: ran too long	5	Notice area	Next sort does the rest	Sort Stopped: Ran Too Long.	case
api._vocab	shell.no_log	There is no error log to hold the details - the tracker has no data folder yet - so they are here instead: {stderr}	reword	Tracker failed	2	Notice area	Without a data folder the details go to the shell's fallback log (%LOCALAPPDATA%\Tax Document Tracker Pilot\error.log), never on screen (first start only); the notice is the failure's own sentence, a blank line, then these words; section 11.2	Tracker Failed	word (rulings 4, 6)
api._vocab	shell.no_reply	The tracker ended without a reply (exit code {code}); the details are in the error log.	error-log	No reply from the tracker	5	Notice area	Exit code to error log	No Reply From the Tracker	case
api._vocab	shell.not_opened	That is no longer the folder or file the tracker reported; nothing was opened.	reword	Not opened; it has changed	5	Notice area		Not Opened; It Has Changed	case
api._vocab	shell.page_error	The app met an error of its own ({kind}); the details are in the error log.	error-log	The app hit an error	5	Notice area	Error kind to error log	The App Hit an Error	case
api._vocab	triage.nothing_suggested	nothing to suggest - the evidence says nothing about which request this is	reword	No suggestion	2	Side sheet		No Suggestion	case
api._vocab	triage.places.footer	in the footer of page {page}	reword	in the page {page} footer	5	Side sheet reason line	A clause inside the reason line	In the Page {page} Footer	case; Open for Jason: a fragment joined into the side sheet's reason line, not a phrase of its own
api._vocab	triage.set_aside_note	{identifier} is {label} - clear it in the editor to file here	reword	Set aside in request list	5	Side sheet, Other list	Request code dropped (rule 3)	Set Aside in Request List	case
api._vocab	year_note	Defaults to the most recently ended year; the checklist's periods follow it	cut		0	Nowhere; was Tax year tooltip	Dialog help cut		-
pilot-content.js	terms.checkbox	I have read this and will keep my own backups.	exception	I have read this and will keep my own backups.	10	Pilot terms screen	P63: agreement kept whole	I have read this and will keep my own backups.	no (exception: pilot terms)
pilot-content.js	terms.sections[0].bullets[0]	A test edition of Tax Document Tracker, built by J Park & Associates.	exception	A test edition of Tax Document Tracker, built by J Park & Associates.	13	Pilot terms screen	P63: agreement kept whole	A test edition of Tax Document Tracker, built by J Park & Associates.	no (exception: pilot terms)
pilot-content.js	terms.sections[0].bullets[1]	It works, but it is still being finished. Expect rough edges.	exception	It works, but it is still being finished. Expect rough edges.	11	Pilot terms screen	P63: agreement kept whole	It works, but it is still being finished. Expect rough edges.	no (exception: pilot terms)
pilot-content.js	terms.sections[0].bullets[2]	Please tell us what you find.	exception	Please tell us what you find.	6	Pilot terms screen	P63: agreement kept whole	Please tell us what you find.	no (exception: pilot terms)
pilot-content.js	terms.sections[1].bullets[0]	Back up a Client’s folder before you point this program at it.	exception	Back up a Client’s folder before you point this program at it.	12	Pilot terms screen	P63: agreement kept whole	Back up a Client’s folder before you point this program at it.	no (exception: pilot terms)
pilot-content.js	terms.sections[1].bullets[1]	For your first tries, use a copy of a few client folders, not your live ones.	exception	For your first tries, use a copy of a few client folders, not your live ones.	16	Pilot terms screen	P63: agreement kept whole	For your first tries, use a copy of a few client folders, not your live ones.	no (exception: pilot terms)
pilot-content.js	terms.sections[2].bullets[0]	Files a client drops in are moved, byte for byte and under their own names, into that client's folder for the year.	exception	Files a client drops in are moved, byte for byte and under their own names, into that client's folder for the year.	22	Pilot terms screen	P63: agreement kept whole	Files a client drops in are moved, byte for byte and under their own names, into that client's folder for the year.	no (exception: pilot terms)
pilot-content.js	terms.sections[2].bullets[1]	They are never edited, renamed or compressed.	exception	They are never edited, renamed or compressed.	7	Pilot terms screen	P63: agreement kept whole	They are never edited, renamed or compressed.	no (exception: pilot terms)
pilot-content.js	terms.sections[2].bullets[2]	Sorting and renaming happen only on copies. Every move is recorded.	exception	Sorting and renaming happen only on copies. Every move is recorded.	11	Pilot terms screen	P63: agreement kept whole	Sorting and renaming happen only on copies. Every move is recorded.	no (exception: pilot terms)
pilot-content.js	terms.sections[3].bullets[0]	Fixed, written rules make every sorting decision.	exception	Fixed, written rules make every sorting decision.	7	Pilot terms screen	P63: agreement kept whole	Fixed, written rules make every sorting decision.	no (exception: pilot terms)
pilot-content.js	terms.sections[3].bullets[1]	Anything uncertain goes to Needs Review for a person to decide.	exception	Anything uncertain goes to Needs Review for a person to decide.	11	Pilot terms screen	P63: agreement kept whole	Anything uncertain goes to Needs Review for a person to decide.	no (exception: pilot terms)
pilot-content.js	terms.sections[4].bullets[0]	The program drafts reminder emails. You read and send them yourself.	exception	The program drafts reminder emails. You read and send them yourself.	11	Pilot terms screen	P63: agreement kept whole	The program drafts reminder emails. You read and send them yourself.	no (exception: pilot terms)
pilot-content.js	terms.sections[4].bullets[1]	No email sending, no data sent anywhere: it runs on this computer and needs no internet connection.	exception	No email sending, no data sent anywhere: it runs on this computer and needs no internet connection.	17	Pilot terms screen	P63: agreement kept whole	No email sending, no data sent anywhere: it runs on this computer and needs no internet connection.	no (exception: pilot terms)
pilot-content.js	terms.sections[5].bullets[0]	The Pilot is provided as is, without warranty of any kind.	exception	The Pilot is provided as is, without warranty of any kind.	11	Pilot terms screen	P63: agreement kept whole	The Pilot is provided as is, without warranty of any kind.	no (exception: pilot terms)
pilot-content.js	terms.sections[5].bullets[1]	You remain responsible for your clients' records and for checking what the program files.	exception	You remain responsible for your clients' records and for checking what the program files.	14	Pilot terms screen	P63: agreement kept whole	You remain responsible for your clients' records and for checking what the program files.	no (exception: pilot terms)
pilot-content.js	terms.sections[6].bullets[1]	Please do not send client documents. Describe what happened, or send a screenshot with client names covered.	exception	Please do not send client documents. Describe what happened, or send a screenshot with client names covered.	17	Pilot terms screen	P63: agreement kept whole	Please do not send client documents. Describe what happened, or send a screenshot with client names covered.	no (exception: pilot terms)
pilot-content.js	terms.title	Before you start: this is a Pilot	exception	Before you start: this is a Pilot	7	Pilot terms screen	P63: agreement kept whole	Before you start: this is a Pilot	no (exception: pilot terms)
pilot-content.js	tour.steps[0].does[0]	A client drops documents in one folder.	reword	Sorts what your clients send	5	Tour step 0 line	Audit §8: one line per step	Sorts What Your Clients Send	case
pilot-content.js	tour.steps[0].does[1]	The program sorts and renames them.	merge	Sorts what your clients send	5	Tour step 0 line	Merged into tour.steps[0].does[0]	Sorts What Your Clients Send	case
pilot-content.js	tour.steps[0].does[2]	You see what arrived, what's missing, and what needs you.	cut		0	Nowhere; one line per step	Audit §8		-
pilot-content.js	tour.steps[0].limit	6 return types (1040, 1120, 1120-S, 1065, 1041, 990), about 74 document kinds.	cut		0	Nowhere; limits cut	Audit §8		-
pilot-content.js	tour.steps[0].strength	Runs on this computer with fixed rules. No AI reads documents. Nothing is sent.	cut		0	Nowhere; strengths cut	Audit §8		-
pilot-content.js	tour.steps[10].does	Replay this tour any time with the Tour button.	reword	Replay this tour from Help	5	Tour step 10 line	Tour button moves to Help	Replay This Tour From Help	case
pilot-content.js	tour.steps[10].limit[1]	About 74 document kinds, 6 return types	cut		0	Nowhere; limits cut	Audit §8		-
pilot-content.js	tour.steps[10].limit[2]	Scans slow without the optional graphics pack	cut		0	Nowhere; limits cut	Audit §8		-
pilot-content.js	tour.steps[10].limit[3]	Schedule on/off and run time: the Schedule button	cut		0	Nowhere; limits cut	Audit §8		-
pilot-content.js	tour.steps[10].limit[4]	Installer unsigned: Windows shows a warning	cut		0	Nowhere; limits cut	Audit §8		-
pilot-content.js	tour.steps[10].strength[0]	Runs offline on your own Windows PC	cut		0	Nowhere; strengths cut	Audit §8		-
pilot-content.js	tour.steps[1].does	Choose one clients folder. Each household gets a shared inbox and a private working folder.	reword	Choose one clients folder	4	Tour step 1 line		Choose One Clients Folder	case
pilot-content.js	tour.steps[1].fallback	Clients folder already chosen. Switch returns from the list at top left.	cut		0	Nowhere; fallbacks cut	Audit §8		-
pilot-content.js	tour.steps[1].limit	Use a folder your firm backs up. One computer runs the automatic schedule.	cut		0	Nowhere; limits cut	Audit §8		-
pilot-content.js	tour.steps[1].strength	Clients see only their own shared folder. Your working files stay private.	cut		0	Nowhere; strengths cut	Audit §8		-
pilot-content.js	tour.steps[2].does	Create a household, pick the return type, tick the documents you expect.	reword	Tick the documents you expect	5	Tour step 2 line	Title names the household	Tick the Documents You Expect	case
pilot-content.js	tour.steps[2].fallback	New household is at the top of the window.	cut		0	Nowhere; fallbacks cut	Audit §8		-
pilot-content.js	tour.steps[2].limit	Unknown document types go to Needs Review, never guessed.	cut		0	Nowhere; limits cut	Audit §8		-
pilot-content.js	tour.steps[2].strength	Files are matched to your own request list, in your order.	cut		0	Nowhere; strengths cut	Audit §8		-
pilot-content.js	tour.steps[3].does	Inbox opens 'Drop files here'. PDFs, scans, photos, spreadsheets, zips and emails all go in.	reword	Everything goes in the inbox	5	Tour step 3 line	Folder name 'Drop files here' dropped	Everything Goes in the Inbox	case
pilot-content.js	tour.steps[3].fallback	Inbox opens once a household is chosen at the top left.	cut		0	Nowhere; fallbacks cut	Audit §8		-
pilot-content.js	tour.steps[3].limit	Photos and faint scans read slowly and may go to Needs Review.	cut		0	Nowhere; limits cut	Audit §8		-
pilot-content.js	tour.steps[3].strength	The client never names or sorts anything.	cut		0	Nowhere; strengths cut	Audit §8		-
pilot-content.js	tour.steps[4].does	Reads each new file, matches it to a request, moves the original, makes a named copy.	reword	Matches files to your requests	5	Tour step 4 line		Matches Files to Your Requests	case
pilot-content.js	tour.steps[4].fallback	Scan works once a household is chosen at the top left.	cut		0	Nowhere; fallbacks cut	Audit §8		-
pilot-content.js	tour.steps[4].limit	First scans with many images take longer. The schedule also runs it automatically.	cut		0	Nowhere; limits cut	Audit §8		-
pilot-content.js	tour.steps[4].strength	Filed only when exactly one request fits. Doubt goes to a person.	cut		0	Nowhere; strengths cut	Audit §8		-
pilot-content.js	tour.steps[5].does	Lists the originals moved from the inbox into the client's year folder.	reword	Originals are moved, never changed	5	Tour step 5 line		Originals Are Moved, Never Changed	case
pilot-content.js	tour.steps[5].fallback	Appears after a scan moves something.	cut		0	Nowhere; fallbacks cut	Audit §8		-
pilot-content.js	tour.steps[5].limit	Moved files leave the client's inbox.	cut		0	Nowhere; limits cut	Audit §8		-
pilot-content.js	tour.steps[5].strength	Moved byte for byte, never altered. Every move is recorded and can be undone.	cut		0	Nowhere; strengths cut	Audit §8		-
pilot-content.js	tour.steps[6].does	Accepted documents are copied into Prepared with organized names, e.g. 'A01 - W-2 - TY2025.pdf'.	reword	Copies get tidy names	4	Tour step 6 line	Audit §8: no folder or file names	Copies Get Tidy Names	case
pilot-content.js	tour.steps[6].fallback	Appears after the first document is filed.	cut		0	Nowhere; fallbacks cut	Audit §8		-
pilot-content.js	tour.steps[6].limit	Fixed naming pattern; custom schemes aren't offered yet.	cut		0	Nowhere; limits cut	Audit §8		-
pilot-content.js	tour.steps[6].strength	Every return's folder reads the same way. Copies can be re-made from the originals.	cut		0	Nowhere; strengths cut	Audit §8		-
pilot-content.js	tour.steps[7].does	Unknown, ambiguous or unreadable files wait here with likely matches. File with one click, or dismiss.	reword	Unsure files wait for you	5	Tour step 7 line		Unsure Files Wait for You	case
pilot-content.js	tour.steps[7].fallback	Appears when a pass sets a document aside.	cut		0	Nowhere; fallbacks cut	Audit §8		-
pilot-content.js	tour.steps[7].limit	Expect more items in the first weeks. The rules don't change on their own.	cut		0	Nowhere; limits cut	Audit §8		-
pilot-content.js	tour.steps[7].strength	Nothing is guessed. You see why it stopped.	cut		0	Nowhere; strengths cut	Audit §8		-
pilot-content.js	tour.steps[8].does	Opens the status page: every requested document, received or missing, with validation notes.	reword	See every request's status	4	Tour step 8 line	The return page replaces the status page	See Every Request's Status	case
pilot-content.js	tour.steps[8].fallback	Status opens once a household is chosen at the top left.	cut		0	Nowhere; fallbacks cut	Audit §8		-
pilot-content.js	tour.steps[8].limit	A file on this computer, not a client portal.	cut		0	Nowhere; limits cut	Audit §8		-
pilot-content.js	tour.steps[8].strength	One page answers 'what are we still waiting for?'	cut		0	Nowhere; strengths cut	Audit §8		-
pilot-content.js	tour.steps[9].does	Weekly, drafts a reminder listing what's missing. You copy and send it.	reword	Drafts reminders; you send them	5	Tour step 9 line		Drafts Reminders; You Send Them	case
pilot-content.js	tour.steps[9].fallback	Appears when a reminder is drafted.	cut		0	Nowhere; fallbacks cut	Audit §8		-
pilot-content.js	tour.steps[9].limit	Send from your own email; no Outlook or Gmail link.	cut		0	Nowhere; limits cut	Audit §8		-
pilot-content.js	tour.steps[9].strength	Nothing is ever sent. No client is contacted without you.	cut		0	Nowhere; strengths cut	Audit §8		-
api._vocab	scan.problem_reason	(none: was "{error}" appended)	reword	Sort Failed: {reason}	4	A return's failed-sort banner	Approved by Jason (rulings 25, 29); the long detail stays in the error log	Sort Failed: {reason}	case
api._vocab	scan.reasons.lock-held	(none)	reword	Another PC Sorting	3	After Sort Failed	Approved by Jason, ruling 29 (new word)	Another PC Sorting	case
api._vocab	scan.reasons.household-paused	(none)	reword	Two Years Open	3	After Sort Failed	Approved by Jason, ruling 29	Two Years Open	case
api._vocab	scan.reasons.client-folder-missing	(none)	reword	Folder Not Found	3	After Sort Failed	Approved by Jason, ruling 29	Folder Not Found	case
api._vocab	scan.reasons.folder-missing	(none)	reword	Folder Not Found	3	After Sort Failed	Approved by Jason, ruling 29	Folder Not Found	case
api._vocab	scan.reasons.other	(none)	reword	Unexpected Error	2	After Sort Failed	Approved by Jason, ruling 29 (new word); any kind not listed	Unexpected Error	case
api._vocab	scan.nothing_done_bare	"Nothing Done: {why}." with the engine's sentence as {why}	reword	Nothing Done	2	A skipped return's banner, no approved reason word	Mine (final re-review NEW 1): the engine's sentence carries a folder path, so it stays in the error log; Jason may change	Nothing Done	case
api._vocab	shell.killed_read	(none: was the sort sentence for every command)	reword	Stopped: Ran Too Long.	4	Notice area	Final review A finding 5: a command that only reads	Stopped: Ran Too Long.	case
api._vocab	shell.killed_write	(none: was the sort sentence for every command)	reword	Change Stopped: Ran Too Long.	5	Notice area	Final review A finding 5: a command that writes	Change Stopped: Ran Too Long.	case
api._vocab	shell.killed_write_note	(none)	reword	It May Be Partly Done.	5	Notice area, after Change Stopped	Final review A finding 5: say part of a write may have happened	It May Be Partly Done.	case
api._vocab	firm.unreadable (api.FIRM_UNREADABLE)	Could not be read	reword	Could Not Be Read	4	Overview and the row status	Title Case, ruling 10 (final review A finding 3); the SPEC O1 default, Jason may change	Could Not Be Read	case
api._vocab	schedule.move_warning	Only If {host} Is Retired	reword	Only If {host} Is Retired	5	Under the move-schedule question	Now shown with the confirm (final review A finding 1)	Only If {host} Is Retired	case
api.SCREEN	columns.return		new	Return	1	Column header, Overview and Reminders	Pilot 0.3, SPEC-lists 2 (P138): "Order", never "Sort"; open for Jason, Q1	Return	new
api.SCREEN	columns.client		new	Client	1	Column header, Overview, Reminders and Clients	Pilot 0.3, SPEC-lists 2 (P138): "Order", never "Sort"; open for Jason, Q1	Client	new
api.SCREEN	columns.status		new	Status	1	Column header, Overview and Clients	Pilot 0.3, SPEC-lists 2 (P138): "Order", never "Sort"; open for Jason, Q1	Status	new
api.SCREEN	columns.date		new	Date	1	Column header, Overview	Pilot 0.3, SPEC-lists 2 (P138): "Order", never "Sort"; open for Jason, Q1	Date	new
api.SCREEN	columns.file		new	File	1	Column header, Needs Review	Pilot 0.3, SPEC-lists 2 (P138): "Order", never "Sort"; open for Jason, Q1	File	new
api.SCREEN	columns.suggestion		new	Suggestion	1	Column header, Needs Review	Pilot 0.3, SPEC-lists 2 (P138): "Order", never "Sort"; open for Jason, Q1	Suggestion	new
api.SCREEN	columns.reason		new	Reason	1	Column header, Needs Review	Pilot 0.3, SPEC-lists 2 (P138): "Order", never "Sort"; open for Jason, Q1	Reason	new
api.SCREEN	columns.received		new	Received	1	Column header, Needs Review	Pilot 0.3, SPEC-lists 2 (P138): "Order", never "Sort"; open for Jason, Q1	Received	new
api.SCREEN	columns.stage		new	Stage	1	Column header, Reminders	Pilot 0.3, SPEC-lists 2 (P138): "Order", never "Sort"; open for Jason, Q1	Stage	new
api.SCREEN	columns.drafted		new	Drafted	1	Column header, Reminders	Pilot 0.3, SPEC-lists 2 (P138): "Order", never "Sort"; open for Jason, Q1	Drafted	new
api.SCREEN	columns.returns		new	Returns	1	Column header, Clients	Pilot 0.3, SPEC-lists 2 (P138): "Order", never "Sort"; open for Jason, Q1	Returns	new
api.SCREEN	columns.sort_by		new	Sort by {column}	3	Tooltip of every column header	Pilot 0.3, SPEC-lists 2 (P138); Jason chose "Sort by" (Q1 C, P180)	Sort by {column}	new
api.SCREEN	columns.width		new	{column} Width {n}	3	Said to a screen reader after a keyboard resize	Pilot 0.3, SPEC-lists 2 (P138): "Order", never "Sort"; open for Jason, Q1	{column} Width {n}	new
api.MENU	reset_columns		new	Reset Column Widths	3	View menu	Pilot 0.3, SPEC-lists 4 (P139); open for Jason, Q4	Reset Column Widths	new
