Identifier,Document,Period,Expected Count,Allowed Extensions,Min Size KB,Required Keywords,Any Keywords,Date Pattern,Core
A01,Prior-Year Form 990 & State Filings,TY2024,1,pdf,5,,"form 990, return",,yes
A02,Trial Balance - Year-End,TY2025,1,"xlsx, csv",5,,trial balance,,yes
B01,Year-End Financial Statements,TY2025,1,"pdf, xlsx",5,,"balance sheet, income statement, statement of operations, statement of activities",,yes
B02,December Bank Statements & Reconciliations,Dec 2025,1,pdf,5,,"bank statement, ending balance, reconciliation",,yes
C01,Board of Directors List & Meeting Minutes,TY2025,1,"pdf, xlsx",5,,"board of directors, minutes",,yes
C02,Officer & Key Employee Compensation Detail,TY2025,1,xlsx,5,,"officer compensation, key employee",,yes
D01,Contribution / Donor Detail - Schedule B Support,TY2025,1,"xlsx, csv",5,,"donor, contribution, schedule b",,yes
D02,Grants Made - Recipients & Amounts,TY2025,1,"xlsx, pdf",5,,"grant, grantee",,
E01,Program Service Accomplishment Descriptions,TY2025,1,"pdf, xlsx",5,,program service,,
F01,Fundraising Event Revenue & Expense Detail,TY2025,1,"xlsx, pdf",5,,fundraising,,
G01,Payroll Tax Returns - Forms 941 & W-3,TY2025,1,pdf,5,,"941, w-3, payroll tax",,
H01,Unrelated Business Income Detail,TY2025,1,"xlsx, pdf",5,,"unrelated business, 990-t",,
