ID,Category,Item Description,Requested From,Assigned To,Due Date,Status,Date Received,File Location,Notes
1,Prior Year,Prior-year federal & state S-corp returns,Client,,,Requested,,,
2,General,Trial balance (year-end),Client,,,Requested,,,
3,General,General ledger detail,Client,,,Requested,,,
4,General,Year-end financial statements,Client,,,Requested,,,
5,Cash,December bank statements & year-end reconciliations,Client,,,Requested,,,
6,Shareholders,Shareholder list with ownership % & changes,Client,,,Requested,,,
7,Shareholders,Distributions by shareholder,Client,,,Requested,,,
8,Shareholders,Shareholder basis schedules,Client,,,Requested,,,
9,Compensation,Officer / shareholder W-2 compensation detail,Client,,,Requested,,,
10,Compensation,Health insurance premiums for >2% shareholders,Client,,,Requested,,,
11,Payroll,Payroll tax returns (Forms 941 & W-3),Client,,,Requested,,,
12,Fixed Assets,Fixed asset additions & disposals detail,Client,,,Requested,,,
13,Debt,Loan agreements & shareholder loan activity,Client,,,Requested,,,
14,State,State apportionment data,Client,,,Requested,,,
